task_id,vertical,subtype,title_zh,source_id,source_class,risk_level,primary_signal_mode,paper_first,paper_first_rank,primary_deliverable_type,primary_deliverable_zh,task_prompt_zh,environment_binding_status
DA001,data_analysis,exploratory_business_analysis,支付欺诈与批准率的分群权衡分析,dabstep,existing_benchmark_derived,high,explicit_constraints,False,,analysis_notebook,一个可从头运行并在内部呈现数据核验、计算、图表、敏感性分析和解释的分析 notebook。,"给定匿名交易表、支付规则文档和费用说明，分析欺诈损失、误拒和批准率之间的分群权衡。

请完成以下长程工作：
1. 读取并核对表结构与文档规则；
2. 构造可复算的分群指标；
3. 定位异常与规则变化影响；
4. 做敏感性分析并形成行动建议；

交付约束：只提交下面一个主要交付物。步骤中产生的表、图、日志、测试或说明必须嵌入该交付物或作为其内部组成，不得另列第二交付物。
最终交付：一个可从头运行并在内部呈现数据核验、计算、图表、敏感性分析和解释的分析 notebook。",pending
DA002,data_analysis,exploratory_business_analysis,订阅产品的 cohort 留存与价值诊断,dsbench,existing_benchmark_derived,medium,goal_tradeoff,False,,analysis_notebook,一个可从头运行并在内部呈现数据核验、计算、图表、敏感性分析和解释的分析 notebook。,"给定多表订阅、账单、活动和客服数据，解释增长放缓来自获客、激活、留存还是价格。

请完成以下长程工作：
1. 审计主键、时间窗和口径；
2. 构造 cohort、漏斗和单位经济指标；
3. 检验替代解释与数据缺口；
4. 按目标角色输出决策优先级；

交付约束：只提交下面一个主要交付物。步骤中产生的表、图、日志、测试或说明必须嵌入该交付物或作为其内部组成，不得另列第二交付物。
最终交付：一个可从头运行并在内部呈现数据核验、计算、图表、敏感性分析和解释的分析 notebook。",pending
DA003,data_analysis,exploratory_business_analysis,零售品类增长与毛利冲突诊断,dsbench,existing_benchmark_derived,medium,knowledge_and_audience,True,9,analysis_notebook,一个可从头运行并在内部呈现数据核验、计算、图表、敏感性分析和解释的分析 notebook。,"给定门店、订单、促销、库存和退货数据，识别收入增长与毛利恶化的共同原因。

请完成以下长程工作：
1. 统一 SKU、门店和促销口径；
2. 分解价格、数量、组合、折扣和退货效应；
3. 检查季节性和数据截断；
4. 生成角色条件化的行动组合；

交付约束：只提交下面一个主要交付物。步骤中产生的表、图、日志、测试或说明必须嵌入该交付物或作为其内部组成，不得另列第二交付物。
最终交付：一个可从头运行并在内部呈现数据核验、计算、图表、敏感性分析和解释的分析 notebook。",pending
DA004,data_analysis,exploratory_business_analysis,医院运营瓶颈与等待时间分析,real_workflow_adaptation,adapted_real_world,high,history_grounded_latent_preference,False,,analysis_notebook,一个可从头运行并在内部呈现数据核验、计算、图表、敏感性分析和解释的分析 notebook。,"给定去标识化就诊流程、排班和资源数据，定位等待时间瓶颈，同时避免把相关性误写成临床因果。

请完成以下长程工作：
1. 审计隐私、缺失和时间戳；
2. 构建流程阶段与队列指标；
3. 分层检查病例组合和排班混杂；
4. 提出可逆运营试点与监测指标；

交付约束：只提交下面一个主要交付物。步骤中产生的表、图、日志、测试或说明必须嵌入该交付物或作为其内部组成，不得另列第二交付物。
最终交付：一个可从头运行并在内部呈现数据核验、计算、图表、敏感性分析和解释的分析 notebook。",pending
DA005,data_analysis,exploratory_business_analysis,城市能耗与减排项目组合分析,real_workflow_adaptation,adapted_real_world,medium,interactive_information_acquisition,False,,analysis_notebook,一个可从头运行并在内部呈现数据核验、计算、图表、敏感性分析和解释的分析 notebook。,"给定建筑、天气、能源账单和项目成本数据，识别节能潜力并形成受预算和公平约束的项目组合。

请完成以下长程工作：
1. 对齐建筑实体、天气和账期；
2. 建立基线并做气候归一化；
3. 估算节能、成本、不确定性和分配影响；
4. 比较项目组合与分阶段执行；

交付约束：只提交下面一个主要交付物。步骤中产生的表、图、日志、测试或说明必须嵌入该交付物或作为其内部组成，不得另列第二交付物。
最终交付：一个可从头运行并在内部呈现数据核验、计算、图表、敏感性分析和解释的分析 notebook。",pending
DA006,data_analysis,exploratory_business_analysis,气候科研资助组合的证据与风险平衡,plhkw_authored,newly_authored,high,explicit_constraints,False,,analysis_notebook,一个可从头运行并在内部呈现数据核验、计算、图表、敏感性分析和解释的分析 notebook。,"基金会需要从项目申请、历史成果、预算和主题图谱中构建下一年度资助组合。

请完成以下长程工作：
1. 清理申请人与机构实体并检查利益冲突；
2. 建立证据、可行性、组合互补和风险指标；
3. 在多种价值取向下求解并做敏感性分析；
4. 输出资助、候补与拒绝的可解释建议；

交付约束：只提交下面一个主要交付物。步骤中产生的表、图、日志、测试或说明必须嵌入该交付物或作为其内部组成，不得另列第二交付物。
最终交付：一个可从头运行并在内部呈现数据核验、计算、图表、敏感性分析和解释的分析 notebook。",pending
DA007,data_analysis,spreadsheet_workflow,构建三表联动的财务预测模型,spreadsheetbench2,existing_benchmark_derived,high,goal_tradeoff,True,10,workbook,一个数值可重算、来源可追踪并在内部包含控制检查与使用说明的 xlsx 工作簿。,"给定历史财报、假设表和部分模板，完成利润表、资产负债表与现金流量表联动预测。

请完成以下长程工作：
1. 检查工作簿结构与历史公式；
2. 建立驱动假设和跨表依赖；
3. 完成预测、平衡检查和情景切换；
4. 生成面向决策者的关键图表；

交付约束：只提交下面一个主要交付物。步骤中产生的表、图、日志、测试或说明必须嵌入该交付物或作为其内部组成，不得另列第二交付物。
最终交付：一个数值可重算、来源可追踪并在内部包含控制检查与使用说明的 xlsx 工作簿。",pending
DA008,data_analysis,spreadsheet_workflow,调试多工作表预算模型,spreadsheetbench2,existing_benchmark_derived,medium,knowledge_and_audience,False,,workbook,一个数值可重算、来源可追踪并在内部包含控制检查与使用说明的 xlsx 工作簿。,"给定含引用、单位、符号和时间错位错误的预算工作簿，定位并修复系统性问题。

请完成以下长程工作：
1. 先建立工作簿依赖和不变量；
2. 批量识别错误模式而非逐格猜测；
3. 修复并保留格式、注释和输入区；
4. 用交叉核对与变化测试验证；

交付约束：只提交下面一个主要交付物。步骤中产生的表、图、日志、测试或说明必须嵌入该交付物或作为其内部组成，不得另列第二交付物。
最终交付：一个数值可重算、来源可追踪并在内部包含控制检查与使用说明的 xlsx 工作簿。",pending
DA009,data_analysis,spreadsheet_workflow,为经营工作簿生成角色化 KPI 仪表板,spreadsheetbench2,existing_benchmark_derived,medium,history_grounded_latent_preference,False,,workbook,一个数值可重算、来源可追踪并在内部包含控制检查与使用说明的 xlsx 工作簿。,"给定复杂经营工作簿，建立一个数值正确、可追溯且适合特定管理角色的 KPI 仪表板。

请完成以下长程工作：
1. 调查数据表、刷新方式和关键口径；
2. 选择指标层级、图形和交互；
3. 建立来源链接与异常提示；
4. 验证数值、筛选器和不同显示条件；

交付约束：只提交下面一个主要交付物。步骤中产生的表、图、日志、测试或说明必须嵌入该交付物或作为其内部组成，不得另列第二交付物。
最终交付：一个数值可重算、来源可追踪并在内部包含控制检查与使用说明的 xlsx 工作簿。",pending
DA010,data_analysis,spreadsheet_workflow,完成滚动现金流与融资情景模板,spreadsheetbench2,existing_benchmark_derived,high,interactive_information_acquisition,False,,workbook,一个数值可重算、来源可追踪并在内部包含控制检查与使用说明的 xlsx 工作簿。,"给定银行流水、应收应付计划和融资条款，完成 13 周滚动现金流模板与融资情景。

请完成以下长程工作：
1. 对齐现金账户和日期；
2. 构建收支预测、缺口和 covenant 检查；
3. 加入基准/压力情景和滚动更新；
4. 保护输入、公式与审计轨迹；

交付约束：只提交下面一个主要交付物。步骤中产生的表、图、日志、测试或说明必须嵌入该交付物或作为其内部组成，不得另列第二交付物。
最终交付：一个数值可重算、来源可追踪并在内部包含控制检查与使用说明的 xlsx 工作簿。",pending
DA011,data_analysis,predictive_modeling,资源约束下的客户流失预测,mle_bench,existing_benchmark_derived,high,explicit_constraints,True,11,modeling_notebook,一个可从头运行并在内部完成数据审计、训练、评估、误差分析和模型说明的建模 notebook。,"给定客户行为与流失标签，开发可提交的预测管线，并在性能、解释性和部署资源之间作选择。

请完成以下长程工作：
1. 审计泄漏、时间切分和不平衡；
2. 建立可复现基线与验证；
3. 比较特征、模型和校准；
4. 生成提交、模型卡和部署评估；

交付约束：只提交下面一个主要交付物。步骤中产生的表、图、日志、测试或说明必须嵌入该交付物或作为其内部组成，不得另列第二交付物。
最终交付：一个可从头运行并在内部完成数据审计、训练、评估、误差分析和模型说明的建模 notebook。",pending
DA012,data_analysis,predictive_modeling,可解释信用风险模型与阈值策略,mle_bench,existing_benchmark_derived,high,goal_tradeoff,False,,modeling_notebook,一个可从头运行并在内部完成数据审计、训练、评估、误差分析和模型说明的建模 notebook。,"给定信用申请数据，建立风险预测模型，并把排序性能转成可审计的批准阈值策略。

请完成以下长程工作：
1. 检查缺失、代理变量、时间漂移和不平衡；
2. 建立基线、交叉验证与校准；
3. 比较高性能和可解释模型；
4. 做成本、公平和阈值敏感性分析；

交付约束：只提交下面一个主要交付物。步骤中产生的表、图、日志、测试或说明必须嵌入该交付物或作为其内部组成，不得另列第二交付物。
最终交付：一个可从头运行并在内部完成数据审计、训练、评估、误差分析和模型说明的建模 notebook。",pending
DA013,data_analysis,predictive_modeling,多层级需求预测与补货决策,real_workflow_adaptation,adapted_real_world,medium,knowledge_and_audience,False,,modeling_notebook,一个可从头运行并在内部完成数据审计、训练、评估、误差分析和模型说明的建模 notebook。,"给定 SKU—门店销量、价格、促销和库存数据，建立多层级预测并转化为补货建议。

请完成以下长程工作：
1. 处理缺货导致的删失与新品冷启动；
2. 建立时间切分和层级基线；
3. 比较统计、树模型和深度模型；
4. 评估预测误差与库存成本；

交付约束：只提交下面一个主要交付物。步骤中产生的表、图、日志、测试或说明必须嵌入该交付物或作为其内部组成，不得另列第二交付物。
最终交付：一个可从头运行并在内部完成数据审计、训练、评估、误差分析和模型说明的建模 notebook。",pending
DA014,data_analysis,predictive_modeling,工业缺陷图像模型的精度—延迟选择,real_workflow_adaptation,adapted_real_world,high,history_grounded_latent_preference,False,,modeling_notebook,一个可从头运行并在内部完成数据审计、训练、评估、误差分析和模型说明的建模 notebook。,"给定工业缺陷图像和标注，训练检测/分类管线，并判断云端高精度与边缘低延迟路线。

请完成以下长程工作：
1. 审计标注、批次泄漏和类别不平衡；
2. 建立分组验证和轻量基线；
3. 比较模型、增广、校准和压缩；
4. 测量设备延迟并做错误成本分析；

交付约束：只提交下面一个主要交付物。步骤中产生的表、图、日志、测试或说明必须嵌入该交付物或作为其内部组成，不得另列第二交付物。
最终交付：一个可从头运行并在内部完成数据审计、训练、评估、误差分析和模型说明的建模 notebook。",pending
DA015,data_analysis,experiment_design,产品功能分阶段上线实验设计,plhkw_authored,newly_authored,high,interactive_information_acquisition,True,12,analysis_notebook,一个可从头运行并在内部包含估计对象、设计、功效或敏感性模拟及分析规则的实验设计 notebook。,"给定历史行为数据和有限流量，设计新功能的分阶段上线实验，兼顾学习速度、风险和长期指标。

请完成以下长程工作：
1. 定义估计对象、主指标、护栏和异质效应；
2. 评估随机化单元、干扰和样本量；
3. 比较固定样本、序贯和分阶段方案；
4. 生成分析代码、停止规则和监测计划；

交付约束：只提交下面一个主要交付物。步骤中产生的表、图、日志、测试或说明必须嵌入该交付物或作为其内部组成，不得另列第二交付物。
最终交付：一个可从头运行并在内部包含估计对象、设计、功效或敏感性模拟及分析规则的实验设计 notebook。",pending
DA016,data_analysis,experiment_design,教育干预的准实验评估方案,plhkw_authored,newly_authored,high,explicit_constraints,False,,analysis_notebook,一个可从头运行并在内部包含估计对象、设计、功效或敏感性模拟及分析规则的实验设计 notebook。,"学校已经非随机推广一项学习支持计划，需要使用历史成绩、参与和背景数据评估效果，同时明确不可识别部分。

请完成以下长程工作：
1. 画因果图并定义目标效应；
2. 检查选择偏差、缺失和政策时间；
3. 比较匹配、差分和断点等可行设计；
4. 做安慰剂、敏感性和异质效应分析；

交付约束：只提交下面一个主要交付物。步骤中产生的表、图、日志、测试或说明必须嵌入该交付物或作为其内部组成，不得另列第二交付物。
最终交付：一个可从头运行并在内部包含估计对象、设计、功效或敏感性模拟及分析规则的实验设计 notebook。",pending
DA017,data_analysis,cleaning_integration,跨 CRM、账单与客服系统的客户实体对齐,datascibench,existing_benchmark_derived,high,goal_tradeoff,False,,data_pipeline_repository,一个在同一版本化仓库提交中内含清洗/整合管线、验证检查和可追溯输出定义的数据管线包。,"给定三个主键不一致、文本脏乱且含历史变更的客户系统，构建可审计实体对齐与下游汇总。

请完成以下长程工作：
1. 画像字段、缺失、时间和冲突；
2. 设计确定性与概率匹配函数；
3. 建立人工复核区和错误分析；
4. 输出统一实体表与可程序验证的汇总；

交付约束：只提交下面一个主要交付物。步骤中产生的表、图、日志、测试或说明必须嵌入该交付物或作为其内部组成，不得另列第二交付物。
最终交付：一个在同一版本化仓库提交中内含清洗/整合管线、验证检查和可追溯输出定义的数据管线包。",pending
DA018,data_analysis,cleaning_integration,多源环境监测数据的时空整合,real_workflow_adaptation,adapted_real_world,high,knowledge_and_audience,False,,data_pipeline_repository,一个在同一版本化仓库提交中内含清洗/整合管线、验证检查和可追溯输出定义的数据管线包。,"给定传感器、实验室采样、天气和站点维护记录，建立一致的时空分析数据集并评估污染事件。

请完成以下长程工作：
1. 对齐站点、单位、时区和采样窗口；
2. 识别校准漂移、停机和检测限；
3. 设计插补与不确定性传播；
4. 生成事件分析和可追溯数据产品；

交付约束：只提交下面一个主要交付物。步骤中产生的表、图、日志、测试或说明必须嵌入该交付物或作为其内部组成，不得另列第二交付物。
最终交付：一个在同一版本化仓库提交中内含清洗/整合管线、验证检查和可追溯输出定义的数据管线包。",pending
DR001,deep_research,program_resource_discovery,人工智能博士项目与导师的可核验发现,pdr_bench,existing_benchmark_derived,medium,history_grounded_latent_preference,True,1,evidence_catalog,一份可机读、逐项目带官方来源与缺失标记的博士项目证据目录。,"研究者需要系统发现当前仍招生、具有人工智能相关研究方向的海外博士项目，并核对项目、导师、资助与申请要求；任务只建立证据目录，不替申请者选择学校或制定申请计划。

请完成以下长程工作：
1. 先冻结国家/地区、研究主题、申请周期和纳入排除标准；
2. 跨院系项目页、实验室页、导师主页、资助页和招生页进行多轮发现；
3. 消歧学校—项目—导师实体并核验研究活跃度、截止日期、语言与资助信息；
4. 记录未找到信息、排除原因、页面日期和覆盖率审计；

交付约束：只提交下面一个主要交付物。步骤中产生的表、图、日志、测试或说明必须嵌入该交付物或作为其内部组成，不得另列第二交付物。
最终交付：一份可机读、逐项目带官方来源与缺失标记的博士项目证据目录。",pending
DR002,deep_research,entity_exhaustive,大学生 AI 学习产品与实证研究全景,pdr_bench,existing_benchmark_derived,medium,interactive_information_acquisition,False,,evidence_atlas,一份将产品实体与实证研究逐项关联的可核验教育技术证据图谱。,"教育研究团队需要枚举面向大学生的 AI 学习产品、课程平台与公开实证研究，并区分产品宣称、独立评估和同行评审证据；任务不设计创业方案或商业模式。

请完成以下长程工作：
1. 冻结学生群体、学习环节、时间窗和产品/研究纳入标准；
2. 跨产品目录、应用商店、机构页面、论文和试验注册库发现实体；
3. 合并别名并抽取功能、价格、地区、目标课程、研究设计与结果；
4. 核查证据独立性、遗漏类别和搜索饱和度；

交付约束：只提交下面一个主要交付物。步骤中产生的表、图、日志、测试或说明必须嵌入该交付物或作为其内部组成，不得另列第二交付物。
最终交付：一份将产品实体与实证研究逐项关联的可核验教育技术证据图谱。",pending
DR003,deep_research,program_resource_discovery,国际 AI 职业与签证要求证据目录,pdr_bench,existing_benchmark_derived,medium,explicit_constraints,False,,evidence_catalog,一份按国家和岗位族组织、逐字段标注来源日期的国际职业与签证证据目录。,"职业研究者需要发现多个国家当前公开的 AI 相关岗位类型、常见技能要求和适用工作签证路径，并把招聘市场证据与政府规则分开核验；任务不为个人选择国家或制定迁移路线。

请完成以下长程工作：
1. 冻结国家、岗位族、资历层级、时间窗与官方规则截止日；
2. 跨官方劳动力统计、招聘页面、职业分类和移民部门材料检索；
3. 规范岗位名称、技能、薪资口径、签证条件与证据日期；
4. 标注规则冲突、信息缺口、样本偏差和覆盖边界；

交付约束：只提交下面一个主要交付物。步骤中产生的表、图、日志、测试或说明必须嵌入该交付物或作为其内部组成，不得另列第二交付物。
最终交付：一份按国家和岗位族组织、逐字段标注来源日期的国际职业与签证证据目录。",pending
DR004,deep_research,program_resource_discovery,长篇类型小说出版渠道与投稿要求图谱,pdr_bench,existing_benchmark_derived,low,goal_tradeoff,False,,evidence_catalog,一份逐渠道带官方证据、状态日期和权利条款的出版渠道目录。,"出版研究者需要系统发现长篇类型小说的传统出版社、文学杂志、经纪人、网络平台和竞赛渠道，核验投稿窗口、篇幅、版权、费用与历史变更；任务不制定写作日程或推荐写作工具。

请完成以下长程工作：
1. 冻结语言、体裁、作品长度、地区、出版方式和时间窗；
2. 从官方投稿页、合同说明、平台规则、作者指南和存档页发现渠道；
3. 消歧机构与品牌并抽取开放状态、权利条款、费用、响应周期和资格；
4. 记录关闭渠道、规则变更、缺失字段和覆盖率；

交付约束：只提交下面一个主要交付物。步骤中产生的表、图、日志、测试或说明必须嵌入该交付物或作为其内部组成，不得另列第二交付物。
最终交付：一份逐渠道带官方证据、状态日期和权利条款的出版渠道目录。",pending
DR005,deep_research,evidence_landscape,北京住房政策、片区与通勤公开证据图谱,pdr_bench,existing_benchmark_derived,high,knowledge_and_audience,False,,evidence_atlas,一份按片区组织、带时间戳和证据等级的北京住房与公共服务证据图谱。,"城市研究团队需要汇集北京不同片区的住房成交口径、教育政策、交通可达性和公共服务公开资料，并统一时间与地理边界；任务不推荐房源、片区或购买时点。

请完成以下长程工作：
1. 冻结行政/统计边界、时间窗、面积和价格口径；
2. 检索政府政策、统计发布、交通数据、学校公开信息和可核验市场数据；
3. 对齐片区别名、政策适用范围、通勤测量和交易指标；
4. 标注时效差异、不可比字段、缺失区域与证据等级；

交付约束：只提交下面一个主要交付物。步骤中产生的表、图、日志、测试或说明必须嵌入该交付物或作为其内部组成，不得另列第二交付物。
最终交付：一份按片区组织、带时间戳和证据等级的北京住房与公共服务证据图谱。",pending
DR006,deep_research,literature_synthesis,家庭教育干预的年龄—结果证据地图,pdr_bench,existing_benchmark_derived,high,history_grounded_latent_preference,False,,evidence_map,一份按年龄、干预和结果组织并带偏倚标记的家庭教育证据地图。,"教育研究团队需要综合家庭学习支持、创造力活动和情绪技能干预的研究，明确不同年龄、实施者、持续时间和结果指标下证据是否可迁移；任务不为某个家庭制定干预组合。

请完成以下长程工作：
1. 预注册年龄、干预类型、结果指标、研究设计和检索时间窗；
2. 跨数据库与指南检索并追踪系统综述到原始研究；
3. 抽取样本、效应、实施强度、随访、偏倚与情境；
4. 综合一致结果、冲突结果、证据缺口和适用边界；

交付约束：只提交下面一个主要交付物。步骤中产生的表、图、日志、测试或说明必须嵌入该交付物或作为其内部组成，不得另列第二交付物。
最终交付：一份按年龄、干预和结果组织并带偏倚标记的家庭教育证据地图。",pending
DR007,deep_research,literature_synthesis,2 型糖尿病指南一致性与差异证据图谱,pdr_bench,existing_benchmark_derived,high,interactive_information_acquisition,False,,guideline_concordance_map,一份逐条带版本、适用人群和证据等级的 2 型糖尿病指南对照图谱。,"临床信息研究者需要比较不同辖区最新 2 型糖尿病指南在生活方式、监测、低血糖处置和风险分层上的一致与差异，并追溯推荐等级和依据；任务不提供个体治疗或健康管理方案。

请完成以下长程工作：
1. 冻结辖区、指南版本、主题与更新截止日；
2. 从官方学会和政府来源发现现行与被替代版本；
3. 抽取推荐文本、适用人群、证据等级、阈值和例外；
4. 对齐术语并标注一致、冲突、未覆盖与版本变化；

交付约束：只提交下面一个主要交付物。步骤中产生的表、图、日志、测试或说明必须嵌入该交付物或作为其内部组成，不得另列第二交付物。
最终交付：一份逐条带版本、适用人群和证据等级的 2 型糖尿病指南对照图谱。",pending
DR008,deep_research,literature_synthesis,复杂多引文 RAG 训练数据方法证据图谱,researcherbench,existing_benchmark_derived,medium,explicit_constraints,True,2,evidence_map,一份将方法、数据、实现和实证逐项关联的多引文 RAG 证据图谱。,"研究团队需要系统梳理复杂多跳、多引文 RAG 的训练数据构造、归因学习与质量控制方法，并区分方法宣称、公开实现和可复现实证；任务不选择技术路线或设计生产计划。

请完成以下长程工作：
1. 冻结问题复杂度、任务域、年份和研究设计纳入标准；
2. 跨论文、代码仓库、数据卡和引用链进行前向后向检索；
3. 抽取数据来源、教师模型、难度控制、归因目标、人工审计与评测；
4. 核验实现可用性、复现状态、负结果和证据缺口；

交付约束：只提交下面一个主要交付物。步骤中产生的表、图、日志、测试或说明必须嵌入该交付物或作为其内部组成，不得另列第二交付物。
最终交付：一份将方法、数据、实现和实证逐项关联的多引文 RAG 证据图谱。",pending
DR009,deep_research,literature_synthesis,材料配比优化机器学习方法与复现证据图谱,deepresearch_bench,existing_benchmark_derived,high,goal_tradeoff,False,,evidence_map,一份按材料体系和方法组织、带复现状态的机器学习研究证据图谱。,"材料研究团队需要梳理机器学习优化元素组合与材料性能的模型、数据库、实验闭环和复现证据，并统一材料体系和评测口径；任务不排序候选路线或制定产业化里程碑。

请完成以下长程工作：
1. 冻结材料体系、目标性能、年份、模型和实验验证纳入标准；
2. 跨论文、数据仓库、代码、实验室页面和引用链检索；
3. 抽取数据规模、分割、指标、外推、实验闭环与独立复现；
4. 对齐不可比结果并标注证据等级、负结果和空白；

交付约束：只提交下面一个主要交付物。步骤中产生的表、图、日志、测试或说明必须嵌入该交付物或作为其内部组成，不得另列第二交付物。
最终交付：一份按材料体系和方法组织、带复现状态的机器学习研究证据图谱。",pending
DR010,deep_research,literature_synthesis,单原子催化外加电场模型的假设与验证对照,deepresearch_bench,existing_benchmark_derived,high,knowledge_and_audience,False,,technical_evidence_report,一份逐方法关联物理假设、软件实现和验证证据的技术对照报告。,"计算化学研究者需要比较单原子催化外加电场模拟中的固定方向场、取向平均、反应坐标对齐和显式界面模型，核验物理假设、软件实现与验证边界；任务不推荐具体建模路径。

请完成以下长程工作：
1. 冻结体系类型、场定义、输出量和文献时间窗；
2. 跨论文、补充材料、软件文档和代码实现检索；
3. 抽取边界条件、取向处理、数值设置、验证对象与计算成本；
4. 标注假设冲突、不可比结果、实现缺失和适用范围；

交付约束：只提交下面一个主要交付物。步骤中产生的表、图、日志、测试或说明必须嵌入该交付物或作为其内部组成，不得另列第二交付物。
最终交付：一份逐方法关联物理假设、软件实现和验证证据的技术对照报告。",pending
DR011,deep_research,evidence_landscape,气候敏感度估计的跨方法证据与争议审计,deepresearch_bench,existing_benchmark_derived,high,history_grounded_latent_preference,False,,evidence_audit_map,一份按证据家族关联估计区间、关键假设、依赖关系与争议来源的气候敏感度证据审计图谱。,"气候科学研究团队需要系统汇集平衡气候敏感度的观测约束、古气候重建、过程模型和综合评估证据，并解释不同研究给出不同区间的原因。

请完成以下长程工作：
1. 冻结目标量定义、时间窗、研究设计和纳入排除标准；
2. 跨评估报告、论文、数据与补充材料进行前向后向检索；
3. 抽取先验、数据时期、强迫假设、模型结构、区间与不确定性分解；
4. 对齐不可比口径并审计选择效应、依赖证据、争议来源和研究空白；

交付约束：只提交下面一个主要交付物。步骤中产生的表、图、日志、测试或说明必须嵌入该交付物或作为其内部组成，不得另列第二交付物。
最终交付：一份按证据家族关联估计区间、关键假设、依赖关系与争议来源的气候敏感度证据审计图谱。",pending
DR012,deep_research,evidence_landscape,中美欧 AI Agent 数据合规义务与生效状态对照,pdr_bench,existing_benchmark_derived,high,interactive_information_acquisition,False,,compliance_matrix,一份逐义务带法源、适用条件和生效状态的跨辖区合规对照矩阵。,"政策研究团队需要核对 AI Agent 产品在中国、欧盟和美国涉及位置、聊天和行为数据时的现行法律义务、适用范围、监管解释和生效状态；任务不设计企业合规架构或应急方案。

请完成以下长程工作：
1. 冻结产品活动、数据类型、主体角色、辖区和法源截止日；
2. 只从官方法律、监管机构、实施规则和权威存档发现材料；
3. 抽取条款、适用条件、例外、生效日、跨境规则和执法状态；
4. 对齐术语并标注冲突、待定规则、辖区差异和版本谱系；

交付约束：只提交下面一个主要交付物。步骤中产生的表、图、日志、测试或说明必须嵌入该交付物或作为其内部组成，不得另列第二交付物。
最终交付：一份逐义务带法源、适用条件和生效状态的跨辖区合规对照矩阵。",pending
DR013,deep_research,literature_synthesis,领域微调、检索增强与混合系统的实证证据对照,researcherbench,adapted_real_world,medium,explicit_constraints,False,,evidence_matrix,一份按系统类别和使用条件组织、带可比性审计的实证证据矩阵。,"研究团队需要比较领域微调、检索增强与混合系统在不同数据变化速度、隐私、可验证性和维护条件下的公开实证，并核验评测可比性；任务不替团队选择架构或制定原型计划。

请完成以下长程工作：
1. 冻结领域、任务类型、模型规模、年份和评测纳入标准；
2. 跨论文、代码、技术报告和公开评测检索三类系统；
3. 抽取数据、基线、指标、成本、更新机制、隐私与失败案例；
4. 对齐评测差异并标注可复现性、负结果和证据缺口；

交付约束：只提交下面一个主要交付物。步骤中产生的表、图、日志、测试或说明必须嵌入该交付物或作为其内部组成，不得另列第二交付物。
最终交付：一份按系统类别和使用条件组织、带可比性审计的实证证据矩阵。",pending
DR014,deep_research,dataset_resource_discovery,遥感灾害识别数据集的约束式发现与谱系核验,livedrbench,existing_benchmark_derived,medium,goal_tradeoff,True,3,dataset_inventory,一份逐数据集带版本谱系、许可和排除状态的可机读数据集目录。,"研究者需要发现用于跨地区灾害识别的公开遥感数据集，并核验标注对象、空间分辨率、时间覆盖、许可和谱系；任务只形成数据集目录，不推荐数据集组合。

请完成以下长程工作：
1. 冻结灾害类型、地区、传感器、分辨率、时间窗和许可条件；
2. 按属性组合跨数据门户、论文、数据卡和镜像进行宽搜；
3. 消歧数据集版本并核验原始来源、标注、切分、许可证和更新；
4. 记录泄漏风险、地域重叠、排除原因、缺失字段和覆盖率；

交付约束：只提交下面一个主要交付物。步骤中产生的表、图、日志、测试或说明必须嵌入该交付物或作为其内部组成，不得另列第二交付物。
最终交付：一份逐数据集带版本谱系、许可和排除状态的可机读数据集目录。",pending
DR015,deep_research,dataset_resource_discovery,电池材料数据集与测量条件对齐,livedrbench,existing_benchmark_derived,high,knowledge_and_audience,False,,dataset_compatibility_ledger,一份逐数据源记录测量条件、字段对应和谱系状态的数据兼容性台账。,"材料研究组需要发现公开电池电极性能数据，并对齐温度、倍率、循环定义、材料命名和许可；任务记录可比性边界，不决定使用哪个数据集。

请完成以下长程工作：
1. 冻结化学体系、性能指标、测量容差、年份和许可条件；
2. 跨论文、数据仓库、补充材料和项目页面发现数据源；
3. 抽取协议、字段语义、样本标识、版本和引用链；
4. 识别重复、条件不可比、缺失协议、许可冲突和谱系断裂；

交付约束：只提交下面一个主要交付物。步骤中产生的表、图、日志、测试或说明必须嵌入该交付物或作为其内部组成，不得另列第二交付物。
最终交付：一份逐数据源记录测量条件、字段对应和谱系状态的数据兼容性台账。",pending
DR016,deep_research,dataset_resource_discovery,多语种 AI 监管语料的版本化构建,plhkw_authored,newly_authored,high,history_grounded_latent_preference,False,,corpus_manifest,一份逐文档带版本谱系、条款映射与来源等级的多语种监管语料 manifest。,"政策研究团队需要发现并版本化中国、美国和欧盟的 AI 监管法律、实施规则、官方解释与历史版本，用于后续比较；任务只交付语料 manifest，不设计维护组织或合规行动。

请完成以下长程工作：
1. 冻结辖区、法源类型、语言、时间窗和权威来源层级；
2. 从官方站点和可信存档发现现行与历史材料；
3. 建立文档、条款、版本、术语、辖区和翻译关系；
4. 核验生效日、替代关系、重复项、缺失版本和抓取时间；

交付约束：只提交下面一个主要交付物。步骤中产生的表、图、日志、测试或说明必须嵌入该交付物或作为其内部组成，不得另列第二交付物。
最终交付：一份逐文档带版本谱系、条款映射与来源等级的多语种监管语料 manifest。",pending
DR017,deep_research,prior_art,隐私保护个性化检索的先前技术检索,real_workflow_adaptation,adapted_real_world,high,interactive_information_acquisition,False,,prior_art_dossier,一份逐文献族映射技术要素、日期和证据来源的先前技术检索档案。,"研发研究者需要对本地用户画像与服务器检索结合的技术进行论文、专利和产品公开材料检索，追踪技术要素、组合关系与公开日期；任务不作申请、权利要求或商业决策。

请完成以下长程工作：
1. 把目标技术拆成可检索要素、同义词和组合关系；
2. 跨论文、专利族、标准、代码和产品文档进行迭代检索；
3. 核验优先权、公开日、权利状态、实现证据和实体关系；
4. 建立要素覆盖、相似性、组合公开与负检索记录；

交付约束：只提交下面一个主要交付物。步骤中产生的表、图、日志、测试或说明必须嵌入该交付物或作为其内部组成，不得另列第二交付物。
最终交付：一份逐文献族映射技术要素、日期和证据来源的先前技术检索档案。",pending
DR018,deep_research,prior_art,电子表格公式修复智能体的先前技术能力图谱,real_workflow_adaptation,adapted_real_world,medium,explicit_constraints,False,,prior_art_atlas,一份将实体与检测—定位—修复—验证—解释能力逐项关联的先前技术图谱。,"技术研究者需要识别跨工作表公式错误检测、定位、修复、验证和解释相关的论文、代码、专利与产品公开能力，并核对日期和可复现证据；任务不提出产品定位或原型计划。

请完成以下长程工作：
1. 冻结能力分解、时间窗、实体类型和证据阈值；
2. 跨学术、开源、专利和产品文档进行多轮检索；
3. 消歧产品、公司、项目和专利族并核验功能边界；
4. 关联能力宣称、公开日期、实现、评测、失败与缺失证据；

交付约束：只提交下面一个主要交付物。步骤中产生的表、图、日志、测试或说明必须嵌入该交付物或作为其内部组成，不得另列第二交付物。
最终交付：一份将实体与检测—定位—修复—验证—解释能力逐项关联的先前技术图谱。",pending
DR019,deep_research,conflicting_evidence,抗老与提亮护肤成分的证据冲突图谱,pdr_bench,existing_benchmark_derived,medium,goal_tradeoff,False,,evidence_dossier,一份逐成分呈现支持、反对和不确定证据及冲突来源的证据档案。,"健康信息研究者需要比较抗老与提亮相关护肤成分在功效、刺激、肤质适用和证据质量上的冲突，并区分机制、临床试验、监管声明和营销材料；任务不推荐品牌、产品或个人护肤方案。

请完成以下长程工作：
1. 冻结成分、结果、肤质、浓度范围、年份和研究类型；
2. 跨论文、系统综述、监管材料和成分数据库检索；
3. 抽取样本、配方、浓度、持续时间、结果、不良反应和资金来源；
4. 解释冲突来自剂量、配方、终点、偏倚还是人群差异；

交付约束：只提交下面一个主要交付物。步骤中产生的表、图、日志、测试或说明必须嵌入该交付物或作为其内部组成，不得另列第二交付物。
最终交付：一份逐成分呈现支持、反对和不确定证据及冲突来源的证据档案。",pending
DR020,deep_research,conflicting_evidence,亲子沟通干预的效果与情境冲突证据审计,pdr_bench,existing_benchmark_derived,high,knowledge_and_audience,True,4,evidence_dossier,一份按干预、年龄和情境呈现证据方向与冲突来源的研究证据档案。,"心理与教育研究者需要综合亲子共读、情绪训练、游戏、角色扮演和冲突解决干预的效果，识别年龄、家庭结构、实施者和结果指标导致的证据冲突；任务不制定家庭活动计划。

请完成以下长程工作：
1. 冻结年龄段、干预类型、结果、研究设计和随访时间；
2. 跨数据库、指南、试验注册与引用链检索；
3. 抽取实施强度、对照、效应、依从、失访、偏倚与情境；
4. 按冲突来源综合一致、异质、无效和不确定结果；

交付约束：只提交下面一个主要交付物。步骤中产生的表、图、日志、测试或说明必须嵌入该交付物或作为其内部组成，不得另列第二交付物。
最终交付：一份按干预、年龄和情境呈现证据方向与冲突来源的研究证据档案。",pending
DR021,deep_research,temporal_update,罕见病临床试验状态与结果披露的时点差分,livedrbench,existing_benchmark_derived,medium,history_grounded_latent_preference,False,,versioned_trial_dossier,一份逐试验记录两个时点状态、字段差分、结果披露与冲突证据的版本化临床试验档案。,"临床研究信息团队需要发现指定罕见病的干预性试验，并在两个冻结时点之间核验招募状态、中心、主要终点、方案版本、结果披露和关联论文的变化。

请完成以下长程工作：
1. 冻结疾病本体、干预类型、国家、阶段、登记库和两个检索时点；
2. 跨试验注册库、监管材料、论文、方案与资助记录发现并消歧试验；
3. 对齐试验标识、方案版本、中心、状态、终点、结果与论文关系；
4. 重查变动字段并审计未更新记录、结果延迟、登记—论文冲突和遗漏试验；

交付约束：只提交下面一个主要交付物。步骤中产生的表、图、日志、测试或说明必须嵌入该交付物或作为其内部组成，不得另列第二交付物。
最终交付：一份逐试验记录两个时点状态、字段差分、结果披露与冲突证据的版本化临床试验档案。",pending
DR022,deep_research,temporal_update,AI 监管更新的条款级差分与旧状态残留审计,plhkw_authored,newly_authored,high,interactive_information_acquisition,True,5,versioned_diff_dossier,一份将更新前后条款、依赖影响和旧状态残留统一记录的版本化法规差分档案。,"政策研究进行到中途时，目标市场发布新的实施规则或延迟生效通知；研究者必须核验权威性、定位变化范围并保留未受影响证据，任务不重算产品发布决策。

请完成以下长程工作：
1. 冻结更新前法规版本、条款表、检索时间和证据哈希；
2. 核验新文件的发布机构、法律地位、适用范围、生效与替代关系；
3. 建立受影响条款、依赖条款和未受影响条款的差分；
4. 扫描旧规则残留、相互矛盾来源、缺失历史版本和未解决问题；

交付约束：只提交下面一个主要交付物。步骤中产生的表、图、日志、测试或说明必须嵌入该交付物或作为其内部组成，不得另列第二交付物。
最终交付：一份将更新前后条款、依赖影响和旧状态残留统一记录的版本化法规差分档案。",pending
DR023,deep_research,entity_exhaustive,量子网络研究团队与成果的可核验全景,deepresearch_bench,existing_benchmark_derived,medium,explicit_constraints,False,,entity_catalog,一份逐团队关联方向、成果、合作、资助与来源证据的量子网络实体目录。,"科研信息团队需要识别全球量子网络主要研究团队，并核对方向、代表成果、合作、资助和产业转化证据；任务建立实体全景，不按名气排名或形成合作短名单。

请完成以下长程工作：
1. 冻结团队实体定义、主题、时间窗、成果类型和纳入标准；
2. 跨机构主页、论文、项目、资助、专利和公司记录发现团队；
3. 消歧实验室、负责人、机构变更和合作关系；
4. 核验成果与资助日期并执行遗漏搜索、覆盖率和别名审计；

交付约束：只提交下面一个主要交付物。步骤中产生的表、图、日志、测试或说明必须嵌入该交付物或作为其内部组成，不得另列第二交付物。
最终交付：一份逐团队关联方向、成果、合作、资助与来源证据的量子网络实体目录。",pending
DR024,deep_research,entity_exhaustive,水务技术产业化案例的全球枚举与可比性审计,plhkw_authored,newly_authored,medium,goal_tradeoff,False,,case_catalog,一份逐案例带实体关系、标准化经济指标和证据质量的水务产业化案例目录。,"产业研究团队需要枚举近十年水务技术规模化应用案例，核验公司—技术—项目关系、经济收益口径、规模、时间和第三方证据；任务建立案例库，不给出研发方向或合作推荐。

请完成以下长程工作：
1. 冻结产业化、规模、经济收益、同类企业和时间窗定义；
2. 跨公司文件、公共采购、监管、行业和学术来源枚举案例；
3. 合并公司—技术—项目别名并抽取成本、收益、规模和运行期限；
4. 统一经济指标并审计第三方证据、幸存者偏差和遗漏；

交付约束：只提交下面一个主要交付物。步骤中产生的表、图、日志、测试或说明必须嵌入该交付物或作为其内部组成，不得另列第二交付物。
最终交付：一份逐案例带实体关系、标准化经济指标和证据质量的水务产业化案例目录。",pending
SW001,software_engineering,feature_implementation,为 Web 服务加入可配置缓存层,swe_bench_verified,existing_benchmark_derived,medium,knowledge_and_audience,True,6,repository_commit,一个完成请求并在同一仓库提交中内含实现、测试和必要文档的可验证代码提交。,"在给定 Web 框架仓库中实现可配置的读缓存，处理失效、并发、错误回退和兼容性。

请完成以下长程工作：
1. 调查现有扩展点与调用路径；
2. 比较至少两种实现并记录决策；
3. 实现功能、迁移说明和回退；
4. 补充单元、集成和回归测试；

交付约束：只提交下面一个主要交付物。步骤中产生的表、图、日志、测试或说明必须嵌入该交付物或作为其内部组成，不得另列第二交付物。
最终交付：一个完成请求并在同一仓库提交中内含实现、测试和必要文档的可验证代码提交。",pending
SW002,software_engineering,feature_implementation,为科学数组库增加流式导出,swe_bench_verified,existing_benchmark_derived,medium,history_grounded_latent_preference,False,,repository_commit,一个完成请求并在同一仓库提交中内含实现、测试和必要文档的可验证代码提交。,"为处理超内存数据的科学数组仓库加入分块流式导出，并保持元数据与坐标语义。

请完成以下长程工作：
1. 追踪读取、编码和写出链路；
2. 调查后端限制与已有约定；
3. 实现可取消、可恢复的导出路径；
4. 验证数值、元数据、内存峰值与兼容性；

交付约束：只提交下面一个主要交付物。步骤中产生的表、图、日志、测试或说明必须嵌入该交付物或作为其内部组成，不得另列第二交付物。
最终交付：一个完成请求并在同一仓库提交中内含实现、测试和必要文档的可验证代码提交。",pending
SW003,software_engineering,feature_implementation,为模型评估 API 增加可插拔指标,swe_bench_verified,existing_benchmark_derived,medium,interactive_information_acquisition,False,,repository_commit,一个完成请求并在同一仓库提交中内含实现、测试和必要文档的可验证代码提交。,"在机器学习库中增加可插拔评估指标，兼容现有 scorer、交叉验证和序列化行为。

请完成以下长程工作：
1. 定位公共 API、内部路由和弃用约束；
2. 设计注册机制与错误语义；
3. 实现并覆盖多输出、样本权重和并行运行；
4. 补充示例与升级说明；

交付约束：只提交下面一个主要交付物。步骤中产生的表、图、日志、测试或说明必须嵌入该交付物或作为其内部组成，不得另列第二交付物。
最终交付：一个完成请求并在同一仓库提交中内含实现、测试和必要文档的可验证代码提交。",pending
SW004,software_engineering,feature_implementation,为轻量 API 框架增加审计日志,swe_bench_verified,existing_benchmark_derived,high,explicit_constraints,False,,repository_commit,一个完成请求并在同一仓库提交中内含实现、测试和必要文档的可验证代码提交。,"在不泄漏敏感载荷的前提下，为轻量 API 框架增加可扩展审计日志与请求关联。

请完成以下长程工作：
1. 分析请求生命周期与扩展接口；
2. 设计字段、脱敏、采样和失败策略；
3. 实现同步与异步处理兼容；
4. 测试隐私、性能和异常路径；

交付约束：只提交下面一个主要交付物。步骤中产生的表、图、日志、测试或说明必须嵌入该交付物或作为其内部组成，不得另列第二交付物。
最终交付：一个完成请求并在同一仓库提交中内含实现、测试和必要文档的可验证代码提交。",pending
SW005,software_engineering,feature_implementation,为插件系统加入可替换的语义搜索后端,real_workflow_adaptation,adapted_real_world,medium,goal_tradeoff,False,,repository_commit,一个完成请求并在同一仓库提交中内含实现、测试和必要文档的可验证代码提交。,"为已有插件系统加入语义搜索能力，同时允许本地索引、数据库扩展或托管服务作为可替换后端。

请完成以下长程工作：
1. 调查仓库接口与部署模型；
2. 定义后端协议、索引生命周期和错误降级；
3. 实现至少一个参考后端与契约测试；
4. 记录不同部署条件下的选型；

交付约束：只提交下面一个主要交付物。步骤中产生的表、图、日志、测试或说明必须嵌入该交付物或作为其内部组成，不得另列第二交付物。
最终交付：一个完成请求并在同一仓库提交中内含实现、测试和必要文档的可验证代码提交。",pending
SW006,software_engineering,debugging_remediation,修复时区序列化回归,swe_bench_verified,existing_benchmark_derived,medium,knowledge_and_audience,False,,repository_commit,一个完成请求并在同一仓库提交中内含实现、测试和必要文档的可验证代码提交。,"给定 Web 框架中的时区序列化回归和失败测试，定位跨层根因并提供低风险修复。

请完成以下长程工作：
1. 复现并最小化失败；
2. 追踪解析、规范化和序列化路径；
3. 比较局部修补与语义统一方案；
4. 实现修复并增加边界回归测试；

交付约束：只提交下面一个主要交付物。步骤中产生的表、图、日志、测试或说明必须嵌入该交付物或作为其内部组成，不得另列第二交付物。
最终交付：一个完成请求并在同一仓库提交中内含实现、测试和必要文档的可验证代码提交。",pending
SW007,software_engineering,debugging_remediation,诊断符号化简的内存爆炸,swe_bench_verified,existing_benchmark_derived,medium,history_grounded_latent_preference,True,7,repository_commit,一个完成请求并在同一仓库提交中内含实现、测试和必要文档的可验证代码提交。,"符号计算库在特定表达式上出现内存爆炸，需要定位算法路径并选择修复或保护策略。

请完成以下长程工作：
1. 构造最小复现与规模曲线；
2. 定位递归、缓存或组合爆炸点；
3. 比较精确修复、启发式剪枝和资源上限；
4. 验证正确性与性能回归；

交付约束：只提交下面一个主要交付物。步骤中产生的表、图、日志、测试或说明必须嵌入该交付物或作为其内部组成，不得另列第二交付物。
最终交付：一个完成请求并在同一仓库提交中内含实现、测试和必要文档的可验证代码提交。",pending
SW008,software_engineering,debugging_remediation,修复日期坐标绘图回归,swe_bench_verified,existing_benchmark_derived,low,interactive_information_acquisition,False,,repository_commit,一个完成请求并在同一仓库提交中内含实现、测试和必要文档的可验证代码提交。,"绘图库升级后某类日期坐标、时区和缺失值组合出现渲染回归，需要跨转换器、刻度和后端定位。

请完成以下长程工作：
1. 复现并比较受影响后端；
2. 二分定位语义变化；
3. 检查公共 API 与视觉输出兼容；
4. 补充数值断言和图像回归测试；

交付约束：只提交下面一个主要交付物。步骤中产生的表、图、日志、测试或说明必须嵌入该交付物或作为其内部组成，不得另列第二交付物。
最终交付：一个完成请求并在同一仓库提交中内含实现、测试和必要文档的可验证代码提交。",pending
SW009,software_engineering,debugging_remediation,修复网络重试导致的分布式测试不稳定,swe_bench_verified,existing_benchmark_derived,medium,explicit_constraints,False,,repository_commit,一个完成请求并在同一仓库提交中内含实现、测试和必要文档的可验证代码提交。,"测试框架与 HTTP 客户端组合在网络抖动时出现不稳定重试、重复副作用和偶发超时。

请完成以下长程工作：
1. 从日志和测试轨迹区分产品 bug 与测试脆弱性；
2. 建立故障注入复现；
3. 比较幂等、退避、fixture 隔离和虚拟时钟方案；
4. 实施修复并验证重复运行稳定性；

交付约束：只提交下面一个主要交付物。步骤中产生的表、图、日志、测试或说明必须嵌入该交付物或作为其内部组成，不得另列第二交付物。
最终交付：一个完成请求并在同一仓库提交中内含实现、测试和必要文档的可验证代码提交。",pending
SW010,software_engineering,refactor_optimization,重构大数组管线以降低峰值内存,swe_bench_verified,existing_benchmark_derived,medium,goal_tradeoff,False,,repository_commit,一个完成请求并在同一仓库提交中内含实现、测试和必要文档的可验证代码提交。,"科学数据管线功能正确但峰值内存过高，需要在不改变结果与 API 的前提下重构。

请完成以下长程工作：
1. 测量阶段性内存与 I/O；
2. 识别复制、物化和缓存热点；
3. 比较分块、惰性计算与算法替换；
4. 实施并做真实性能与回归验证；

交付约束：只提交下面一个主要交付物。步骤中产生的表、图、日志、测试或说明必须嵌入该交付物或作为其内部组成，不得另列第二交付物。
最终交付：一个完成请求并在同一仓库提交中内含实现、测试和必要文档的可验证代码提交。",pending
SW011,software_engineering,refactor_optimization,重构文档构建缓存与依赖跟踪,swe_bench_verified,existing_benchmark_derived,low,knowledge_and_audience,False,,repository_commit,一个完成请求并在同一仓库提交中内含实现、测试和必要文档的可验证代码提交。,"大型文档站增量构建缓慢且偶发使用陈旧缓存，需要重构依赖跟踪。

请完成以下长程工作：
1. 分析构建图与缓存键；
2. 识别漏依赖和过度失效；
3. 比较保守正确性与细粒度增量策略；
4. 实现并用变更矩阵验证；

交付约束：只提交下面一个主要交付物。步骤中产生的表、图、日志、测试或说明必须嵌入该交付物或作为其内部组成，不得另列第二交付物。
最终交付：一个完成请求并在同一仓库提交中内含实现、测试和必要文档的可验证代码提交。",pending
SW012,software_engineering,refactor_optimization,迁移模型持久化 API 并控制弃用风险,real_workflow_adaptation,adapted_real_world,high,history_grounded_latent_preference,False,,repository_commit,一个完成请求并在同一仓库提交中内含实现、测试和必要文档的可验证代码提交。,"机器学习库需要重构模型持久化接口以支持新格式，同时避免破坏旧模型和下游插件。

请完成以下长程工作：
1. 调查序列化协议、版本检查和插件使用；
2. 设计双读/双写或转换策略；
3. 实现迁移、告警和回滚；
4. 验证跨版本、跨平台和安全边界；

交付约束：只提交下面一个主要交付物。步骤中产生的表、图、日志、测试或说明必须嵌入该交付物或作为其内部组成，不得另列第二交付物。
最终交付：一个完成请求并在同一仓库提交中内含实现、测试和必要文档的可验证代码提交。",pending
SW013,software_engineering,architecture_dependency,为知识产品选择向量检索架构,plhkw_authored,newly_authored,medium,interactive_information_acquisition,True,8,repository_commit,一个完成请求并在同一仓库提交中内含实现、测试和必要文档的可验证代码提交。,"一个已有全文搜索产品要增加语义检索，需要在本地库、PostgreSQL 扩展和托管向量服务之间选择并完成最小实现。

请完成以下长程工作：
1. 调查仓库、数据流和部署约束；
2. 建立成本、延迟、隐私、恢复和锁定比较；
3. 写 ADR 并实现最小端到端切片；
4. 用统一相关性与故障测试验证；

交付约束：只提交下面一个主要交付物。步骤中产生的表、图、日志、测试或说明必须嵌入该交付物或作为其内部组成，不得另列第二交付物。
最终交付：一个完成请求并在同一仓库提交中内含实现、测试和必要文档的可验证代码提交。",pending
SW014,software_engineering,architecture_dependency,为后台任务选择队列与一致性方案,plhkw_authored,newly_authored,high,explicit_constraints,False,,repository_commit,一个完成请求并在同一仓库提交中内含实现、测试和必要文档的可验证代码提交。,"单体应用需要加入可重试后台任务，必须在数据库队列、消息中间件和托管队列之间选择。

请完成以下长程工作：
1. 调查事务边界、失败语义和部署现状；
2. 比较至少一次、幂等、顺序和可观测性；
3. 实现一条代表性任务链与故障注入；
4. 给出扩展和回滚条件；

交付约束：只提交下面一个主要交付物。步骤中产生的表、图、日志、测试或说明必须嵌入该交付物或作为其内部组成，不得另列第二交付物。
最终交付：一个完成请求并在同一仓库提交中内含实现、测试和必要文档的可验证代码提交。",pending
SW015,software_engineering,architecture_dependency,为服务建立可用性优先的可观测性方案,plhkw_authored,newly_authored,high,goal_tradeoff,False,,repository_commit,一个完成请求并在同一仓库提交中内含实现、测试和必要文档的可验证代码提交。,"在线服务缺少统一日志、指标和追踪，需要选择最小但可维护的可观测性架构并接入仓库。

请完成以下长程工作：
1. 调查关键用户路径和故障模式；
2. 设计 SLI/SLO、采样和数据保留；
3. 比较开源自托管与托管方案；
4. 实现关键路径并验证开销和告警；

交付约束：只提交下面一个主要交付物。步骤中产生的表、图、日志、测试或说明必须嵌入该交付物或作为其内部组成，不得另列第二交付物。
最终交付：一个完成请求并在同一仓库提交中内含实现、测试和必要文档的可验证代码提交。",pending
SW016,software_engineering,repo_investigation_modification,跨仓库安全配置审计与最小修复,real_workflow_adaptation,adapted_real_world,high,knowledge_and_audience,False,,repository_commit,一个完成请求并在同一仓库提交中内含实现、测试和必要文档的可验证代码提交。,"一个服务仓库包含应用代码、容器和 CI 配置，需要调查凭据、权限、依赖和默认暴露面，并实施不破坏部署的修复。

请完成以下长程工作：
1. 建立入口点、秘密和信任边界地图；
2. 使用静态检查与依赖公告核验问题；
3. 区分真实可利用性和扫描噪声；
4. 实施最小修复、测试和部署说明；

交付约束：只提交下面一个主要交付物。步骤中产生的表、图、日志、测试或说明必须嵌入该交付物或作为其内部组成，不得另列第二交付物。
最终交付：一个完成请求并在同一仓库提交中内含实现、测试和必要文档的可验证代码提交。",pending
SW017,software_engineering,repo_investigation_modification,科学代码仓库的跨版本 API 迁移,scienceagentbench,adapted_real_world,high,history_grounded_latent_preference,False,,repository_commit,一个完成请求并在同一仓库提交中内含实现、测试和必要文档的可验证代码提交。,"科学分析仓库依赖的核心库发生 API 变更，需要理解论文工作流、迁移实现并保证主要数值结果。

请完成以下长程工作：
1. 运行基线并识别真正使用的路径；
2. 查阅新旧 API 和行为差异；
3. 实施迁移与兼容层；
4. 在清洁环境复现主要表/图或数值检查；

交付约束：只提交下面一个主要交付物。步骤中产生的表、图、日志、测试或说明必须嵌入该交付物或作为其内部组成，不得另列第二交付物。
最终交付：一个完成请求并在同一仓库提交中内含实现、测试和必要文档的可验证代码提交。",pending
SW018,software_engineering,repo_investigation_modification,在资源约束下复现论文算法并形成可维护代码,paperbench,existing_benchmark_derived,high,interactive_information_acquisition,False,,repository_commit,一个完成请求并在同一仓库提交中内含实现、测试和必要文档的可验证代码提交。,"给定论文、允许的资源和空白代码仓库，复现核心算法与至少一项主结果，同时产出可维护实现。

请完成以下长程工作：
1. 解析论文方法、数据和评估依赖；
2. 制定资源适配的复现计划；
3. 实现、运行实验并记录偏差；
4. 在清洁容器重跑并编写复现文档；

交付约束：只提交下面一个主要交付物。步骤中产生的表、图、日志、测试或说明必须嵌入该交付物或作为其内部组成，不得另列第二交付物。
最终交付：一个完成请求并在同一仓库提交中内含实现、测试和必要文档的可验证代码提交。",pending
